id_participant;name;name;patrynomic;email;date_of_birth;country;phone_number;password;photo;gender
1;Романов;Мечеслав;Созонович;231fyexpnziv@gmail.com;13.04.1979;14;7(281)311-09-35;uOqE7m;foto60.jpg;мужской
2;Марков;Глеб;Яковлевич;9xbk8aw4jvl5@tutanota.com;17.04.1981;49;7(281)983-65-22;4Owt7i;foto61.jpg;мужской
3;Носков;Гаянэ;Игнатьевич;w8ydcm27xr3v@yahoo.com;31.08.1986;60;7(281)646-77-15;D6STi2;foto62.jpg;мужской
4;Маслов;Емельян;Геннадьевич;ny3is6u9z0hb@outlook.com;13.06.1991;36;7(281)501-49-88;hFTe3P;foto3.jpg;мужской
5;Егоров;Адам;Лаврентьевич;n1ymlbkoh9pj@outlook.com;29.08.1984;84;7(281)003-04-93;sfxuQr;foto4.jpg;мужской
6;Максимов;Вилен;Алексеевич;0qet5fcrxw6g@outlook.com;11.07.1989;65;7(281)770-30-37;difmfm;foto5.jpg;мужской
7;Русаков;Вальтер;Никитевич;ch6bupjymnex@gmail.com;15.09.1979;70;7(281)834-65-97;nDWPAb;foto6.jpg;мужской
8;Шубин;Юлий;Тимофеевич;7d8w1z6ilvcx@mail.com;09.02.1994;90;7(281)085-96-43;1owb3x;foto7.jpg;мужской
9;Мухин;Азарий;Тимофеевич;nicfqkb2p08o@gmail.com;06.02.1987;70;7(281)477-86-02;UKQxEM;foto8.jpg;мужской
10;Зайцев;Казимир;Ростиславович;mghet3iq86sr@yahoo.com;07.01.1981;59;7(281)837-86-56;J1oakw;foto9.jpg;мужской
11;Тимофеев;Руслан;Ростиславович;80x9o2l1fajy@outlook.com;19.07.1987;23;7(281)901-40-85;n2Q30n;foto10.jpg;мужской
12;Мышкин;Игнат;Тимурович;fk0ue4mysxnl@gmail.com;15.09.1985;17;7(281)610-35-30;XeKZOX;foto11.jpg;мужской
13;Дьячков;Абрам;Оскарович;a2t17ielzyq8@outlook.com;31.12.1975;98;7(281)078-78-11;dQY7re;foto12.jpg;мужской
14;Лебедев;Семен;Игнатьевич;kjg4ba5mde63@yahoo.com;26.11.1978;11;7(281)495-14-27;GSdZQx;foto13.jpg;мужской
15;Комаров;Вадим;Эльдарович;l3tnr2dxoph6@yahoo.com;27.06.1984;32;7(281)388-37-44;8sif4S;foto14.jpg;мужской
16;Блохин;Осип;Сергеевич;apg7mc54rw12@outlook.com;12.07.1974;100;7(281)557-19-71;oeP2tX;foto15.jpg;мужской
17;Виноградов;Парамон;Мэлсович;bkw1fo0yslrm@mail.com;23.05.1991;60;7(281)597-31-80;9F7Iae;foto16.jpg;мужской
18;Сазонов;Владислав;Артёмович;di5zv9hbn3x0@tutanota.com;31.10.1978;1;7(281)867-29-46;RoTcGQ;foto17.jpg;мужской
19;Пестов;Парамон;Германнович;5fuwsdo1j6kp@gmail.com;16.10.1974;86;7(281)346-09-04;kZCPVc;foto18.jpg;мужской
20;Дементьев;Вольдемар;Михаилович;2oq6wip7sgzu@tutanota.com;04.07.1996;92;7(281)626-50-75;a9YIgj;foto19.jpg;мужской
